user_id,rides_taken,money_spent,avg_rating_given,cancellation_rate,last_ride_date
U70467,245,9681.04,4.22,0.383,2024-09-12
U84542,50,799.2,4.87,0.494,2024-07-31
U54537,402,4043.22,4.24,0.484,2024-06-17
U20263,410,15102.51,4.97,0.36,2024-03-31
U39368,402,7001.6,4.98,0.184,2024-12-26
U65709,458,9609.21,2.53,0.058,2025-02-03
U65018,322,3872.45,3.09,0.066,2024-10-07
U36762,142,5039.55,4.24,0.187,2024-07-20
U43856,155,3938.57,3.2,0.057,2024-09-14
U32352,458,18419.53,4.48,0.165,2024-11-03
U95743,384,5567.45,2.79,0.059,2024-05-08
U88730,483,15217.7,4.46,0.321,2024-09-10
U62766,346,3274.57,4.4,0.144,2024-08-29
U96144,399,9952.08,4.66,0.092,2025-01-05
U78884,241,6965.83,4.51,0.012,2024-03-14
U46022,73,837.08,4.72,0.134,2024-04-03
U15363,162,6937.0,4.31,0.123,2024-05-26
U94345,77,1883.98,4.32,0.121,2024-03-31
U77233,456,13404.94,2.96,0.07,2024-08-03
U74528,224,9822.22,2.53,0.154,2024-07-03
U22242,398,9480.76,4.38,0.062,2024-03-05
U95355,220,3669.9,4.5,0.018,2024-12-24
U90357,355,2780.97,3.25,0.302,2025-02-16
U69470,379,2808.8,4.92,0.149,2024-07-08
U33800,388,14609.88,4.65,0.484,2024-07-28
U97975,433,13666.93,4.77,0.035,2024-09-14
U23331,17,149.27,4.35,0.163,2024-08-08
U49274,322,4102.15,2.96,0.324,2024-04-29
U31543,442,17205.63,5.0,0.156,2024-10-09
U93148,348,15547.37,4.3,0.136,2024-09-22
U28485,259,10713.31,4.72,0.127,2024-10-15
U67089,455,17641.8,4.59,0.155,2024-04-28
U84834,375,7101.0,4.86,0.035,2025-02-25
U49011,327,13527.96,4.21,0.096,2024-09-19
U32330,137,2610.82,4.75,0.43,2024-05-19
U77468,144,4737.7,5.0,0.095,2024-04-20
U37643,289,13655.4,4.4,0.026,2024-09-02
U43321,232,3293.7,4.05,0.051,2025-02-09
U88349,60,2912.9,4.56,0.023,2025-02-23
U13280,120,3137.53,4.59,0.154,2024-09-22
U17812,206,9959.94,4.75,0.056,2024-07-16
U57663,370,9615.45,4.97,0.165,2024-10-12
U27714,384,5616.33,4.21,0.153,2024-04-01
U31756,176,6820.16,4.03,0.067,2024-09-14
U63913,423,8102.47,4.18,0.162,2025-02-06
U98323,114,2550.18,4.78,0.218,2024-08-03
U74889,150,5961.82,4.73,0.177,2024-10-19
U82993,221,10699.15,2.97,0.112,2024-03-12
U57947,27,879.8,4.97,0.167,2025-02-16
U79039,8,216.12,2.85,0.402,2025-01-29
U84776,312,7354.92,4.24,0.121,2025-01-25
U16376,73,3490.34,3.01,0.124,2024-09-11
U34092,17,149.73,3.83,0.137,2024-05-13
U34487,300,8591.65,4.21,0.131,2024-11-05
U88206,11,106.32,4.4,0.174,2024-09-15
U49004,222,3405.85,4.77,0.193,2024-05-02
U51898,90,1039.63,4.5,0.009,2024-06-12
U97868,196,6799.16,4.21,0.117,2024-06-13
U13185,347,13588.43,4.59,0.094,2024-06-19
U13013,370,2705.84,4.67,0.02,2024-10-19
U40785,399,15363.48,4.13,0.108,2024-09-19
U25319,169,6587.54,4.73,0.097,2024-11-06
U38847,191,8036.23,4.84,0.034,2024-05-22
U13605,338,7047.68,4.35,0.023,2025-01-11
U78118,341,16923.17,4.38,0.239,2024-05-11
U34760,214,9032.01,4.47,0.34,2024-09-08
U23705,276,9229.47,4.54,0.119,2024-05-23
U49216,287,12197.17,4.69,0.125,2024-08-14
U79327,69,2556.53,4.28,0.11,2024-05-30
U49287,316,3583.22,2.8,0.159,2024-07-19
U62991,338,13878.55,4.47,0.027,2024-04-21
U27695,201,9751.88,4.81,0.279,2024-03-11
U91275,91,1370.02,4.9,0.082,2024-10-18
U23616,421,8882.41,4.52,0.138,2024-08-25
U92279,331,10788.51,4.94,0.143,2024-12-28
U43463,133,5925.51,4.47,0.068,2024-12-05
U64290,224,5559.43,4.79,0.142,2024-07-29
U91395,145,4460.73,3.01,0.089,2025-02-21
U70946,357,12555.0,4.02,0.05,2024-10-28
U94033,9,209.75,4.42,0.07,2024-12-06
U79893,107,1265.21,4.17,0.178,2024-10-26
U59699,176,5965.58,4.43,0.199,2024-04-11
U27617,492,6447.98,4.92,0.257,2024-07-24
U34737,168,7255.66,4.2,0.165,2025-02-08
U95361,307,4687.2,4.76,0.143,2025-02-19
U95216,132,3452.99,3.56,0.064,2024-07-04
U57912,397,13307.68,4.17,0.073,2024-09-13
U86085,435,11970.9,4.71,0.121,2024-04-29
U57869,192,9579.23,4.93,0.106,2024-04-10
U77923,18,682.93,4.55,0.125,2024-04-10
U17670,378,12811.77,4.71,0.182,2024-05-11
U90514,138,2599.71,4.97,0.178,2025-02-04
U28754,85,3165.3,4.61,0.047,2024-09-25
U43582,246,4155.21,4.74,0.389,2024-05-28
U60713,419,9108.45,4.87,0.097,2024-08-25
U83737,480,7828.74,4.9,0.185,2024-03-27
U35665,396,15605.53,4.96,0.027,2024-04-09
U39618,478,4230.57,4.6,0.073,2024-08-03
U62289,111,5337.49,3.65,0.178,2024-03-08
U23649,154,3408.65,4.48,0.205,2024-12-05
U88262,129,2703.21,4.79,0.183,2024-05-08
U77287,164,2426.69,4.23,0.283,2024-03-15
U12707,162,3590.94,4.13,0.118,2024-10-02
U14400,163,7234.92,4.66,0.06,2024-10-09
U53890,159,5305.29,4.66,0.348,2024-06-23
U78846,494,19603.92,4.49,0.14,2024-03-11
U66485,405,16008.13,4.16,0.173,2025-01-04
U55185,10,179.84,4.47,0.083,2024-07-04
U12081,408,18001.4,4.4,0.187,2025-01-31
U22899,172,2667.47,4.07,0.114,2024-12-08
U29186,193,8012.24,4.19,0.096,2024-12-02
U28152,60,2106.67,4.23,0.002,2024-07-16
U40379,109,764.74,3.14,0.155,2024-04-10
U38296,385,4895.38,4.55,0.001,2025-01-01
U10448,283,4202.7,4.23,0.024,2024-05-24
U28564,117,1419.75,4.63,0.101,2024-06-27
U24480,454,13783.57,4.59,0.195,2024-03-16
U50573,16,248.43,4.93,0.04,2024-08-28
U60621,246,8862.12,4.72,0.134,2024-09-13
U39032,14,236.23,4.38,0.178,2024-07-13
U17036,423,19346.9,4.22,0.041,2024-08-21
U33321,4,83.05,4.75,0.109,2025-02-01
U37644,490,12536.88,4.07,0.089,2025-01-07
U57818,369,14208.93,3.02,0.077,2024-07-28
U94136,184,3240.47,4.12,0.282,2024-05-12
U78588,389,19000.05,4.94,0.149,2024-06-16
U81637,488,22907.76,4.81,0.495,2024-07-08
U48462,435,3704.88,2.92,0.085,2025-01-14
U39580,485,9522.05,4.3,0.036,2024-12-17
U50957,319,13781.62,4.7,0.019,2024-12-19
U12419,271,9453.12,4.29,0.107,2024-03-30
U58439,342,8257.93,4.31,0.21,2024-06-11
U33457,405,6919.35,4.86,0.061,2024-05-14
U26867,356,17581.09,4.37,0.034,2024-03-06
U11009,493,14012.26,2.58,0.202,2024-10-10
U32656,162,8087.55,3.63,0.006,2024-03-25
U41256,396,16818.58,4.47,0.04,2024-04-13
U17300,393,15492.84,2.74,0.114,2024-09-25
U23281,361,3806.24,4.4,0.197,2024-09-27
U18455,159,4999.71,4.82,0.187,2025-01-02
U91733,388,13095.49,4.39,0.005,2024-03-05
U46377,224,9787.56,3.38,0.465,2024-04-07
U80534,160,3286.92,4.59,0.04,2024-09-22
U88578,367,11701.49,4.74,0.196,2024-07-06
U92807,246,1743.46,4.97,0.412,2025-01-15
U93174,26,512.65,4.23,0.175,2024-09-22
U45066,325,11936.08,4.76,0.106,2024-11-25
U30579,110,3448.08,4.03,0.025,2024-09-08
U42845,213,5345.98,4.13,0.456,2024-03-18
U12917,453,4276.44,3.9,0.189,2025-02-06
U14245,61,2289.85,4.92,0.025,2024-03-26
U93790,472,4560.66,4.5,0.069,2024-08-09
U25735,465,5026.58,4.32,0.198,2024-08-03
U41023,412,5901.52,3.53,0.003,2025-02-20
U25892,296,3956.43,4.66,0.142,2024-07-06
U96751,402,16556.67,4.11,0.484,2024-05-16
U44467,54,1228.23,4.72,0.081,2024-03-28
U78468,438,21206.64,4.16,0.155,2024-10-06
U96208,59,1913.03,4.96,0.103,2024-12-10
U97616,472,17592.55,3.46,0.067,2024-06-17
U36799,192,5243.63,4.33,0.273,2024-09-06
U91017,25,1015.38,4.43,0.062,2024-04-08
U51007,188,8109.38,4.51,0.109,2024-06-16
U98977,202,9890.32,4.12,0.345,2024-11-09
U63146,95,2844.66,4.77,0.023,2025-01-23
U38920,342,2537.84,4.89,0.113,2024-09-10
U86991,341,7234.25,4.9,0.091,2024-03-12
U98844,361,12229.2,4.06,0.172,2024-08-03
U22443,36,712.29,4.31,0.079,2024-03-30
U95722,333,16343.58,4.65,0.097,2024-05-10
U30712,248,7755.66,4.3,0.184,2025-02-20
U95571,500,10652.32,4.33,0.323,2025-02-22
U41368,101,2029.12,4.61,0.051,2024-08-28
U11847,45,1277.55,4.2,0.025,2024-10-15
U16078,284,7919.67,3.02,0.113,2024-10-16
U84710,107,866.6,4.35,0.048,2024-11-02
U93921,333,2429.78,3.54,0.18,2024-12-15
U11224,126,2497.83,4.85,0.474,2024-04-13
U64190,411,18524.54,4.04,0.109,2024-04-23
U28742,129,2747.43,4.81,0.178,2024-06-06
U58004,37,1789.25,4.41,0.125,2024-11-06
U52697,42,431.22,4.75,0.086,2024-06-09
U11076,187,6327.95,4.26,0.117,2024-08-05
U79566,303,9408.34,4.23,0.17,2024-06-11
U78780,334,5745.5,4.3,0.021,2024-03-23
U60642,10,159.44,4.62,0.096,2025-02-19
U30189,62,2117.39,4.4,0.167,2024-03-30
U90082,468,13466.74,4.8,0.072,2025-01-13
U44137,351,6790.11,4.53,0.117,2025-03-03
U98657,219,5529.83,4.0,0.434,2025-02-16
U84212,112,3024.95,4.44,0.015,2024-03-07
U44667,371,9491.62,4.17,0.197,2025-02-15
U45758,462,13022.8,4.94,0.0,2025-02-12
U43509,120,2787.34,4.71,0.347,2024-11-15
U87744,171,7371.33,4.17,0.458,2024-10-15
U91731,341,10247.11,4.68,0.078,2024-03-28
U29658,467,16830.34,4.59,0.124,2024-12-08
U46599,216,7690.22,4.76,0.191,2024-08-29
U21026,412,19268.64,4.09,0.081,2024-12-31
U44355,433,9537.53,4.3,0.104,2024-09-23
U53792,65,887.22,4.37,0.083,2024-04-21
U60624,417,7819.75,4.56,0.163,2024-07-13
U85911,267,3435.81,4.77,0.193,2024-12-08
U27524,209,8515.97,4.37,0.158,2024-07-03
U51397,345,13447.46,4.5,0.114,2025-01-06
U79923,220,2465.42,4.73,0.114,2024-11-16
U57668,404,3300.18,4.94,0.214,2024-10-02
U67643,185,2483.0,4.0,0.178,2024-07-09
U23643,59,2424.85,3.96,0.301,2024-05-20
U80225,63,1572.31,4.28,0.047,2024-06-28
U38177,434,16508.58,4.91,0.025,2024-03-28
U94464,37,929.88,4.35,0.135,2024-03-13
U41950,131,5916.46,4.93,0.005,2024-04-01
U81725,123,3182.16,4.77,0.062,2024-03-18
U49018,167,2885.98,4.52,0.154,2025-01-25
U96035,99,4856.89,4.77,0.147,2024-03-10
U28330,455,17663.35,4.45,0.166,2024-03-19
U25031,351,15180.49,4.28,0.198,2024-05-09
U79538,459,8598.78,4.37,0.057,2025-02-15
U67817,164,4646.41,4.29,0.076,2025-02-15
U20423,294,8903.15,4.88,0.027,2024-07-28
U53823,108,2929.54,4.81,0.138,2024-05-02
U55960,349,15049.76,4.21,0.28,2025-01-05
U15333,484,21189.64,4.44,0.018,2024-08-25
U14242,195,1435.2,4.52,0.193,2024-08-29
U93150,305,14328.9,4.65,0.011,2024-09-13
U16873,326,9479.26,4.97,0.123,2024-04-08
U42074,280,10495.29,4.04,0.133,2024-04-07
U29135,430,20202.48,4.33,0.119,2024-11-23
U18103,209,8264.62,5.0,0.032,2024-07-12
U29910,19,258.29,4.49,0.005,2024-05-02
U55272,451,11725.43,4.55,0.102,2024-10-25
U52076,368,10346.27,3.23,0.183,2024-06-20
U64310,367,3334.13,4.87,0.038,2024-12-29
U14312,467,19958.69,4.79,0.169,2024-12-05
U13096,491,5755.49,3.72,0.082,2024-08-06
U88581,186,5247.2,4.63,0.181,2025-01-20
U75679,179,7103.49,4.97,0.168,2024-09-20
U64923,143,2178.16,4.77,0.111,2024-10-30
U20230,125,1193.33,4.65,0.002,2024-08-16
U95134,136,3934.61,4.78,0.068,2024-12-28
U14912,386,17430.11,4.53,0.318,2024-04-20
U35074,315,13327.88,4.23,0.043,2025-01-04
U64242,33,826.3,4.72,0.416,2024-07-02
U95561,155,6678.39,4.47,0.197,2024-12-31
U22938,33,1175.59,4.27,0.022,2024-10-11
U25777,315,10346.24,3.39,0.109,2024-09-09
U67670,168,7600.94,4.88,0.134,2024-03-30
U88898,375,16934.86,4.16,0.18,2024-05-11
U28942,452,19932.07,3.98,0.024,2024-07-15
U34263,149,7253.03,4.32,0.025,2024-12-25
U21476,196,5530.32,4.83,0.128,2024-09-27
U38175,388,4091.23,4.88,0.043,2024-09-02
U24561,438,11717.07,4.6,0.135,2024-09-10
U17848,195,4672.52,2.65,0.102,2024-03-19
U50532,399,7453.9,4.12,0.193,2024-06-30
U98665,184,7271.61,4.73,0.211,2025-02-24
U57042,372,14943.08,4.2,0.129,2024-06-17
U85260,290,13055.56,4.42,0.18,2024-09-17
U62523,178,1841.17,4.48,0.12,2024-03-13
U36299,176,7914.17,4.51,0.115,2024-12-04
U35360,34,1235.86,4.24,0.107,2024-04-11
U50816,160,1535.84,4.77,0.125,2025-02-25
U51984,357,17042.26,4.04,0.146,2024-11-02
U58972,417,7292.32,4.64,0.159,2024-06-11
U95536,402,4032.36,4.03,0.128,2024-06-02
U36956,22,449.35,4.25,0.141,2025-02-18
U82755,443,9383.45,4.42,0.136,2025-02-22
U85772,342,5374.62,4.42,0.154,2024-04-06
U58355,310,9191.13,4.47,0.086,2024-05-18
U20501,479,16217.48,4.65,0.072,2024-04-07
U99947,397,12557.33,4.53,0.022,2024-03-13
U79449,82,1807.99,4.45,0.053,2024-10-08
U36431,491,21291.88,4.3,0.171,2024-04-11
U13615,15,166.4,4.17,0.023,2024-06-08
U94010,141,4211.56,4.25,0.083,2024-12-13
U69113,498,5302.7,2.66,0.116,2024-05-13
U41823,410,14844.26,4.73,0.138,2024-05-13
U61743,475,12793.92,3.99,0.032,2024-04-28
U36481,496,24070.76,4.78,0.025,2025-01-22
U92944,201,3700.73,4.55,0.04,2024-06-05
U69299,328,13873.92,4.75,0.006,2024-08-15
U37799,299,11666.89,4.45,0.129,2024-06-06
U60907,148,1079.14,4.89,0.088,2024-09-05
U39176,314,14379.32,4.76,0.066,2024-05-13
U79843,43,732.28,4.01,0.102,2024-09-11
U57414,459,19340.66,4.41,0.047,2025-01-13
U67176,396,4932.74,4.61,0.167,2024-10-24
U98475,177,5827.8,3.91,0.438,2024-12-07
U38797,60,955.75,4.63,0.104,2025-02-24
U17637,24,625.96,3.08,0.088,2024-10-26
U72025,186,5502.39,4.82,0.119,2024-08-26
U90758,373,7312.32,4.8,0.022,2024-12-12
U81976,239,11934.61,4.95,0.065,2024-10-12
U33361,417,5241.83,4.06,0.323,2024-03-08
U39847,121,4195.15,4.25,0.33,2024-12-11
U51503,462,12265.77,4.37,0.124,2025-02-09
U83716,4,198.03,4.81,0.062,2024-04-22
U95479,369,5069.09,4.18,0.031,2024-07-18
U84127,181,3649.86,4.3,0.011,2024-05-13
U29436,118,3499.11,4.28,0.472,2024-05-19
U50064,24,697.67,3.15,0.059,2024-11-18
U94468,234,3453.62,4.59,0.496,2024-09-30
U99198,157,4223.8,3.41,0.072,2025-01-16
U38869,369,6350.91,4.8,0.096,2024-12-21
U65307,112,4561.24,4.12,0.008,2024-11-24
U63579,380,13557.68,4.99,0.443,2025-02-21
U11268,177,3806.44,4.14,0.034,2024-11-20
U46344,306,15133.57,3.34,0.064,2025-01-15
U20563,265,8104.7,3.26,0.07,2024-08-09
U28806,487,14040.71,4.21,0.061,2025-02-22
U32593,397,17488.91,4.12,0.18,2024-04-13
U55125,493,18581.21,4.24,0.066,2025-01-21
U58364,162,2123.39,4.7,0.056,2024-10-09
U62707,277,11003.44,4.69,0.029,2024-09-16
U89824,355,3966.84,4.41,0.114,2025-02-24
U43372,247,6221.92,3.56,0.007,2024-10-23
U12351,18,331.46,4.92,0.199,2024-03-08
U78848,200,4167.87,4.96,0.101,2024-09-11
U95707,226,5357.92,3.33,0.089,2025-02-21
U27595,4,167.67,4.66,0.038,2024-07-05
U84721,336,13222.61,4.15,0.031,2024-04-03
U27430,204,4391.69,4.49,0.099,2024-05-28
U39714,464,14719.89,4.95,0.088,2024-06-30
U69178,51,1617.23,4.17,0.158,2025-02-27
U28518,219,4997.56,4.2,0.187,2024-04-01
U26703,336,8794.44,4.6,0.007,2024-03-10
U49291,50,1588.74,2.82,0.134,2024-03-06
U56099,457,10424.45,4.76,0.079,2024-09-21
U83868,233,3287.74,3.94,0.036,2025-02-17
U68667,116,5099.39,4.32,0.189,2024-05-04
U83910,326,5401.56,4.68,0.0,2024-04-15
U92568,248,3276.68,4.18,0.186,2024-08-20
U78499,103,3236.29,4.81,0.101,2024-06-17
U40621,1,32.37,4.91,0.107,2024-10-14
U91459,56,1889.16,4.08,0.227,2024-09-02
U39448,393,15399.92,2.69,0.178,2024-10-04
U49747,17,274.33,3.23,0.181,2024-08-23
U60745,426,6678.8,4.1,0.105,2024-03-19
U76098,394,17049.92,4.92,0.46,2024-12-23
U87113,18,419.18,4.8,0.175,2024-05-05
U60376,499,23675.72,4.75,0.187,2024-07-11
U93999,307,12972.73,3.68,0.022,2024-03-29
U36565,313,15441.74,4.47,0.059,2024-06-14
U48447,144,5595.46,4.09,0.072,2024-06-04
U65991,166,4632.42,4.87,0.043,2024-06-25
U67671,208,4303.55,4.47,0.213,2024-10-13
U99387,3,31.04,4.67,0.057,2025-02-20
U96154,436,3438.34,4.97,0.032,2024-05-26
U90938,288,2327.21,2.92,0.052,2024-10-11
U22826,312,8835.02,4.01,0.002,2024-10-24
U38835,102,4024.24,4.4,0.143,2024-08-31
U95320,46,689.18,4.81,0.109,2024-05-19
U67088,480,7323.1,4.61,0.388,2024-07-19
U65497,454,16905.82,4.46,0.0,2024-09-09
U97219,385,15153.73,4.8,0.053,2024-03-20
U46248,14,349.18,4.64,0.068,2024-03-24
U62599,484,11547.46,4.38,0.189,2024-07-08
U84698,474,15374.12,4.98,0.134,2024-10-30
U73997,124,4764.72,4.83,0.041,2024-04-01
U35503,445,14512.86,4.35,0.183,2025-02-24
U40515,223,7698.62,2.84,0.166,2024-04-12
U62125,144,6609.77,4.22,0.126,2024-03-16
U83457,51,1723.63,3.16,0.069,2024-08-07
U82453,491,15004.54,4.63,0.195,2024-12-04
U12711,58,2576.7,4.99,0.076,2025-03-05
U51957,333,5761.04,4.81,0.009,2024-11-03
U52276,50,363.12,4.1,0.081,2024-07-22
U94477,462,14797.93,4.75,0.009,2024-05-06
U94308,263,5615.81,4.64,0.06,2024-10-12
U86921,357,6905.22,4.45,0.159,2025-02-09
U76707,73,1208.33,4.35,0.082,2024-06-01
U36162,105,1337.35,4.07,0.138,2024-05-19
U23190,313,4037.28,4.53,0.146,2024-09-01
U38478,293,3521.21,4.69,0.052,2025-01-16
U71655,34,668.05,3.91,0.138,2024-11-28
U10319,178,5265.66,4.76,0.048,2024-10-20
U89889,21,636.17,4.33,0.482,2024-11-08
U62476,106,3869.01,3.59,0.168,2024-09-20
U43843,171,7577.79,4.19,0.184,2024-09-07
U80280,324,4110.91,4.97,0.023,2024-06-23
U74921,310,14256.78,2.85,0.149,2024-12-26
U28469,335,12303.01,4.33,0.491,2024-05-05
U25296,417,18660.88,4.32,0.02,2024-03-30
U67258,331,15666.85,4.83,0.156,2024-06-10
U15538,370,15863.9,4.67,0.0,2024-12-05
U13730,481,5325.29,4.22,0.107,2024-08-29
U90983,319,12462.19,4.68,0.003,2024-05-29
U25015,105,1440.02,4.1,0.01,2024-07-02
U15366,175,3511.49,4.42,0.071,2024-11-30
U42265,92,1342.53,2.62,0.139,2024-10-05
U30740,78,1724.18,4.29,0.057,2025-01-26
U44684,81,786.28,4.38,0.141,2024-09-11
U73121,80,1208.79,4.46,0.023,2024-12-25
U60831,284,8507.58,2.79,0.098,2025-02-16
U41854,5,107.4,4.87,0.155,2024-07-24
U37038,301,11237.4,5.0,0.094,2024-11-23
U77079,117,1707.37,4.82,0.022,2024-09-07
U38680,375,5421.2,4.65,0.243,2024-09-11
U77841,177,8746.57,4.93,0.154,2024-12-02
U86052,257,3449.18,2.67,0.134,2025-03-03
U21094,411,15593.56,4.86,0.164,2024-03-26
U73968,354,5634.56,4.28,0.107,2024-06-29
U31772,85,3343.13,4.27,0.121,2024-05-11
U74052,153,3082.01,4.27,0.022,2024-09-19
U31712,129,4028.45,4.88,0.159,2024-11-27
U74309,466,4774.42,4.3,0.138,2024-07-08
U50753,436,12563.48,4.12,0.004,2024-06-16
U83291,27,230.82,4.75,0.114,2024-07-04
U83718,128,5937.32,4.4,0.115,2024-03-17
U70232,108,835.22,4.96,0.098,2024-06-30
U58580,117,5438.3,4.51,0.048,2025-02-26
U53650,212,4363.78,4.2,0.172,2024-08-04
U70879,469,18076.92,4.75,0.194,2024-07-15
U26379,391,16037.47,4.18,0.465,2024-09-19
U45263,201,6562.36,4.45,0.034,2025-01-04
U18111,191,6303.63,4.92,0.172,2024-10-13
U21824,158,7090.89,4.8,0.089,2025-02-07
U62650,345,10151.57,3.59,0.12,2024-10-10
U76677,489,12755.71,4.2,0.143,2024-05-25
U28541,227,7640.24,4.62,0.075,2025-03-04
U46915,420,15251.26,4.6,0.473,2024-10-04
U44970,216,4559.8,4.87,0.114,2024-05-06
U41161,151,1973.67,4.51,0.133,2024-12-04
U72978,335,6401.82,4.97,0.098,2024-10-21
U27376,102,5048.31,4.14,0.333,2025-02-01
U33603,378,18850.18,4.57,0.11,2025-03-03
U83280,229,7164.06,4.93,0.023,2024-07-31
U40532,491,5908.7,4.05,0.15,2024-11-06
U17870,71,2088.06,4.81,0.088,2025-01-22
U44488,401,7780.16,4.46,0.109,2024-10-13
U99987,348,8753.2,4.58,0.091,2024-10-18
U22472,286,12472.93,4.33,0.186,2024-10-01
U17123,37,1820.95,4.28,0.059,2024-12-27
U58543,412,8648.04,4.53,0.063,2024-04-25
U12179,290,2212.95,3.89,0.084,2024-06-05
U25425,294,14026.1,2.77,0.176,2024-04-15
U90021,45,1112.32,4.39,0.095,2024-04-24
U74320,146,2768.55,4.87,0.054,2024-05-31
U24554,40,641.52,4.56,0.111,2024-05-10
U23263,195,3029.03,3.96,0.176,2024-12-08
U10865,343,5744.25,3.03,0.06,2024-11-30
U52489,227,11185.08,4.22,0.212,2024-03-10
U97258,327,12877.5,4.64,0.194,2024-10-03
U20054,350,9576.02,4.47,0.008,2024-10-24
U11959,368,7505.59,4.15,0.166,2024-05-13
U30004,407,5094.22,4.45,0.128,2024-09-11
U73208,338,16689.79,4.9,0.114,2024-03-20
U17301,25,439.65,4.47,0.018,2025-01-01
U80297,141,6432.22,4.15,0.33,2024-06-27
U88408,348,6520.21,4.19,0.375,2024-05-27
U54054,473,9888.93,4.68,0.159,2024-11-08
U73289,323,12963.31,3.16,0.416,2024-12-27
U60012,63,855.76,4.82,0.177,2025-01-02
U64531,266,3047.0,4.55,0.115,2024-03-13
U18812,449,13955.69,4.23,0.148,2025-02-25
U74788,187,1766.13,4.85,0.418,2024-12-30
U93672,425,13434.23,3.22,0.063,2025-01-18
U50346,424,3740.5,4.77,0.197,2024-11-10
U42179,252,9643.08,4.34,0.189,2024-06-27
U79106,449,11289.02,4.93,0.009,2024-04-01
U62297,221,6758.06,4.07,0.194,2025-01-01
U92470,219,5390.58,4.73,0.045,2024-04-14
U87403,155,1258.39,5.0,0.035,2024-05-26
U10741,191,5967.91,4.83,0.081,2024-12-16
U47383,148,1854.53,4.33,0.233,2024-12-31
U16926,317,13895.58,4.46,0.046,2024-12-14
U75081,44,859.84,4.36,0.145,2024-09-26
U41595,372,7576.43,4.35,0.156,2024-07-30
U10284,365,7080.56,2.99,0.168,2024-04-14
U10540,71,2063.04,4.35,0.432,2024-05-06
U13424,471,20879.19,4.66,0.077,2024-04-01
U88306,297,13314.77,4.1,0.113,2025-01-31
U58219,130,5602.22,2.69,0.092,2025-01-30
U22902,165,6864.46,4.21,0.127,2025-01-14
U62085,393,4288.82,4.26,0.184,2024-03-22
U71570,379,17433.04,4.76,0.021,2024-11-13
U42517,450,11189.11,3.34,0.037,2024-10-31
U15904,377,11112.42,4.74,0.064,2024-09-14
U77476,356,6872.62,2.89,0.027,2024-04-09
U18896,226,7262.28,4.64,0.063,2024-04-18
U46943,204,6938.71,4.56,0.134,2025-01-22
U50195,417,14933.98,4.89,0.168,2025-03-05
U94840,449,8800.43,4.72,0.016,2024-10-05
U28450,364,6233.26,4.81,0.19,2024-11-09
U69278,272,9541.51,2.59,0.134,2024-08-28
U68978,5,61.02,4.9,0.355,2024-08-30
U27674,277,10302.62,4.87,0.071,2024-05-02
U80648,269,4546.91,2.86,0.08,2024-05-02
U83955,290,9542.57,4.77,0.116,2024-09-15
U93868,50,2298.89,4.13,0.083,2025-02-22
U91807,231,8712.97,4.7,0.104,2024-05-27
U76419,376,16090.93,4.98,0.019,2024-04-11
U38917,490,23960.41,4.11,0.169,2024-11-14
U61990,228,3863.58,4.59,0.012,2024-08-17
U34591,400,17521.52,3.29,0.089,2024-11-14
U61038,300,12150.08,4.62,0.256,2024-03-20
U86098,496,12743.39,4.73,0.011,2024-09-08
U53580,365,15028.22,4.68,0.055,2025-03-04
U38280,287,7022.41,4.8,0.045,2024-05-30
U33474,411,9991.61,4.86,0.058,2024-07-20
U33428,344,10006.14,4.34,0.122,2024-07-11
U63593,417,9632.85,3.6,0.06,2024-09-12
U83755,113,4773.25,3.37,0.0,2025-01-10
U61856,339,15885.96,4.43,0.041,2024-04-10
U31124,475,8192.53,4.49,0.492,2024-05-05
U42722,85,4074.6,4.09,0.071,2024-03-27
U32964,278,10539.52,3.05,0.043,2024-06-18
U87464,254,2543.56,4.26,0.012,2025-02-15
U40317,419,16117.11,4.92,0.19,2024-10-08
U68588,352,8060.5,4.82,0.125,2024-05-19
U43459,19,828.62,2.53,0.1,2024-04-30
U27277,311,11817.21,4.48,0.146,2025-01-23
U50133,133,2446.66,4.05,0.014,2024-10-03
U49336,11,172.1,4.16,0.108,2024-06-21
U30521,301,5538.46,4.17,0.196,2024-05-15
U28395,148,7027.26,4.52,0.071,2024-11-29
U81864,367,17339.81,4.43,0.046,2024-07-11
U86836,440,15217.4,4.9,0.014,2024-10-20
U76968,45,400.61,4.41,0.09,2024-12-13
U31006,98,4563.3,4.96,0.187,2024-08-07
U41159,237,9093.49,3.88,0.446,2024-09-27
U50562,208,4038.29,4.82,0.123,2024-07-02
U79179,288,14016.73,3.45,0.0,2025-01-08
U62098,124,1246.54,4.34,0.078,2024-03-26
U17279,32,1163.99,4.87,0.004,2024-11-11
U69684,213,5760.22,4.33,0.091,2024-06-29
U65041,135,3617.02,4.77,0.154,2025-02-05
U19941,333,15497.49,4.13,0.045,2024-10-06
U12696,55,2100.31,4.98,0.077,2024-10-27
U99965,395,6065.76,4.72,0.057,2024-07-04
U53379,419,3406.24,4.96,0.116,2025-01-21
U72832,310,10846.77,4.09,0.125,2024-10-23
U32007,110,3557.65,4.11,0.015,2024-07-29
U72609,369,6593.38,4.23,0.339,2024-03-22
U27464,433,11302.69,4.92,0.147,2024-03-22
U66039,143,1963.07,4.97,0.066,2024-12-18
U85589,498,7557.4,4.69,0.171,2024-12-08
U26024,311,3962.61,2.84,0.494,2025-01-06
U16036,235,10149.92,4.03,0.03,2024-11-29
U37135,399,10914.36,4.43,0.135,2024-08-28
U93848,404,19499.48,4.64,0.152,2024-09-01
U20252,438,6934.6,4.88,0.193,2025-01-28
U62961,14,552.28,3.29,0.096,2024-11-26
U84055,474,23177.33,4.55,0.031,2024-12-21
U80200,477,4079.3,4.74,0.167,2024-11-15
U56711,360,11726.5,4.5,0.052,2025-01-21
U22242,144,1634.32,2.99,0.196,2025-02-16
U77950,82,1102.52,4.48,0.362,2024-06-19
U82903,89,2441.88,4.55,0.004,2024-10-31
U71103,73,3047.21,4.82,0.068,2024-04-11
U23951,280,6388.07,4.83,0.038,2025-01-30
U84990,474,5038.38,4.8,0.098,2024-03-15
U55428,442,12721.53,4.72,0.18,2024-12-02
U80808,155,5531.75,4.17,0.087,2024-06-17
U22841,269,3006.9,4.69,0.111,2024-11-12
U24056,432,19713.64,4.44,0.16,2024-09-19
U22336,6,177.11,4.18,0.094,2024-06-06
U64162,407,13791.6,3.85,0.194,2024-05-28
U71145,284,11548.42,4.45,0.458,2024-04-04
U46388,206,4143.83,4.75,0.065,2024-07-08
U65804,423,9827.32,5.0,0.165,2024-11-11
U29879,427,13908.78,4.66,0.092,2025-01-09
U27435,479,8148.94,4.88,0.043,2024-10-11
U28641,94,2818.59,2.72,0.134,2024-11-12
U20972,123,1202.84,4.86,0.167,2024-03-18
U90362,487,13428.02,4.52,0.152,2024-04-22
U79661,102,1431.43,4.69,0.23,2024-07-05
U47622,401,11172.29,4.02,0.042,2024-09-21
U91412,389,3102.26,3.62,0.049,2024-05-08
U83471,410,6650.53,3.72,0.174,2024-09-04
U77553,364,15757.33,4.07,0.166,2024-09-06
U37387,50,892.61,4.59,0.312,2024-03-21
U43455,361,7165.38,4.37,0.194,2024-12-08
U23043,415,4020.53,4.69,0.152,2024-10-10
U86630,497,11438.73,4.15,0.126,2024-10-04
U16010,390,16936.29,4.34,0.499,2024-05-20
U68824,304,4680.42,4.03,0.07,2024-10-28
U58118,47,1109.1,3.58,0.136,2024-03-31
U53435,492,8065.48,4.97,0.097,2024-06-04
U33502,295,8333.83,4.78,0.193,2024-04-29
U33307,319,6601.08,2.66,0.13,2025-01-13
U44849,280,11605.07,4.47,0.125,2024-12-16
U52188,434,3049.59,4.09,0.171,2024-08-06
U47743,315,9368.5,3.96,0.005,2024-11-05
U76052,385,14247.26,4.9,0.413,2025-02-23
U90031,212,10051.48,4.3,0.073,2025-01-03
U15186,458,6114.14,4.49,0.133,2024-12-04
U44330,117,1863.8,4.51,0.061,2025-02-25
U32359,417,7203.07,4.0,0.074,2025-02-24
U24615,259,5422.33,4.56,0.111,2025-01-31
U71349,475,7095.1,3.13,0.188,2024-03-15
U14608,43,1761.07,4.24,0.178,2024-05-17
U38753,390,8739.12,4.84,0.141,2024-11-02
U78515,383,9079.99,2.58,0.138,2024-12-06
U15997,352,13523.81,4.34,0.157,2024-12-12
U40104,179,5280.61,4.08,0.255,2024-05-11
U91251,208,8793.88,4.02,0.032,2024-10-15
U94381,252,9706.7,4.19,0.046,2024-09-10
U87655,106,5142.47,3.1,0.199,2025-01-16
U89242,375,17039.47,4.67,0.163,2024-10-14
U90398,306,4974.27,4.71,0.024,2025-02-03
U29640,455,20499.02,4.7,0.083,2024-09-30
U88344,251,4155.56,4.75,0.041,2024-07-27
U88628,61,1552.27,4.41,0.043,2024-04-22
U37183,446,16578.29,4.95,0.152,2024-11-27
U28019,378,6752.46,4.34,0.11,2024-08-09
U50550,223,9936.11,4.87,0.073,2024-09-03
U81121,382,10837.0,4.25,0.175,2024-09-09
U49100,164,6052.69,5.0,0.003,2024-12-13
U29218,400,6943.23,4.95,0.039,2025-01-13
U13138,248,9296.7,4.13,0.134,2025-02-19
U67768,402,5995.53,4.29,0.294,2024-12-20
U27865,452,15000.62,4.26,0.071,2024-11-26
U24294,489,22998.87,4.3,0.427,2024-11-19
U16668,455,6205.34,4.42,0.134,2024-08-31
U72170,314,12716.98,4.15,0.151,2024-05-21
U28108,13,608.85,2.98,0.09,2024-11-26
U66757,239,4933.99,3.84,0.163,2024-11-25
U82362,147,2836.6,4.61,0.269,2024-04-30
U44748,461,11243.87,4.85,0.016,2024-04-03
U65616,368,11913.23,4.84,0.117,2024-08-26
U70491,242,5019.39,4.89,0.182,2025-01-21
U46619,485,12871.69,4.4,0.165,2024-09-23
U66491,72,2063.73,4.88,0.091,2024-07-12
U69432,126,3034.73,4.63,0.168,2025-01-19
U46185,65,1830.88,2.86,0.12,2024-05-16
U96830,158,7313.64,3.12,0.01,2025-02-04
U37293,116,3855.31,4.02,0.183,2024-08-30
U66949,404,14646.52,4.81,0.163,2024-12-09
U39143,3,53.75,4.33,0.045,2024-10-16
U84040,151,3486.04,4.28,0.025,2024-07-17
U89171,45,1779.65,4.04,0.253,2025-01-04
U42869,131,5777.63,4.66,0.138,2024-04-27
U63669,473,10873.36,4.02,0.053,2024-10-16
U72326,342,13389.16,4.8,0.261,2024-03-26
U66345,177,7930.46,4.45,0.052,2024-05-11
U61167,363,5908.91,2.71,0.019,2024-04-11
U98637,89,3342.38,4.71,0.068,2024-03-28
U13285,314,6904.3,4.54,0.177,2024-08-09
U16426,410,18613.26,5.0,0.178,2024-11-22
U35058,75,1290.68,4.38,0.047,2024-03-12
U69624,368,12867.27,4.06,0.048,2025-01-23
U25688,112,3401.19,4.55,0.183,2024-10-26
U14826,385,3625.3,4.52,0.057,2024-08-11
U86048,426,14594.03,4.14,0.152,2025-02-18
U98054,41,1248.62,4.37,0.154,2024-07-10
U24623,192,8798.66,4.66,0.188,2024-05-22
U90935,210,7557.91,4.5,0.048,2024-03-14
U63245,187,3442.84,4.53,0.097,2024-05-07
U97861,355,3998.97,4.33,0.157,2024-10-20
U50503,297,12064.65,4.63,0.016,2025-02-07
U58826,377,4625.55,4.22,0.071,2024-10-24
U76366,310,3770.94,4.0,0.091,2024-05-08
U36467,412,12807.65,4.04,0.01,2024-05-07
U28173,258,5571.42,4.33,0.138,2024-06-21
U36389,125,2696.34,4.71,0.065,2025-02-10
U25273,91,1237.72,4.67,0.165,2024-06-18
U13863,357,9764.18,4.11,0.097,2024-08-14
U39150,19,451.43,4.97,0.152,2024-05-22
U47991,393,11447.57,4.81,0.14,2024-10-21
U89978,274,2091.82,4.21,0.008,2025-02-05
U27474,26,1114.46,4.98,0.024,2024-10-02
U63840,197,6816.98,4.99,0.162,2024-12-28
U97495,461,12775.97,2.94,0.08,2025-01-09
U87584,414,19041.78,4.24,0.118,2024-03-23
U83702,499,14960.28,4.38,0.024,2024-11-18
U55895,280,7900.96,3.8,0.048,2024-09-28
U79506,185,4236.83,4.64,0.085,2024-08-31
U55457,299,10689.94,3.22,0.159,2024-05-20
U98275,52,809.73,4.74,0.106,2024-04-10
U61880,93,2811.44,4.58,0.027,2024-07-12
U40090,46,1264.58,4.45,0.027,2024-12-22
U23401,112,1405.11,4.24,0.379,2024-11-29
U71157,49,1847.12,3.82,0.117,2025-03-02
U52015,67,767.78,4.83,0.073,2024-04-27
U15318,16,369.88,4.19,0.13,2024-12-29
U78890,159,5747.25,4.07,0.041,2025-02-06
U27798,141,5856.72,3.41,0.072,2025-02-03
U74778,62,834.23,4.01,0.151,2025-01-24
U28926,287,9697.33,4.98,0.034,2024-03-28
U92664,183,3740.21,4.47,0.174,2024-07-31
U96876,63,2887.97,4.24,0.487,2024-05-08
U18630,43,1227.21,4.29,0.031,2024-12-25
U71224,30,1199.25,3.85,0.046,2024-07-09
U70518,21,804.56,4.71,0.069,2024-09-19
U72680,291,9764.82,4.88,0.133,2024-09-26
U46785,12,468.33,4.33,0.169,2024-04-13
U28104,404,18965.99,4.25,0.01,2024-05-19
U52261,162,2182.08,2.63,0.067,2024-09-24
U22998,27,1278.14,4.77,0.214,2024-04-03
U95588,426,4000.9,4.9,0.161,2024-12-20
U83165,254,11814.74,4.04,0.138,2024-04-11
U16290,61,1411.42,2.6,0.195,2024-07-12
U54306,342,6599.95,4.83,0.066,2024-06-12
U16851,131,1634.54,4.13,0.191,2025-02-27
U34247,394,5381.92,2.72,0.291,2025-01-08
U62046,267,13330.47,4.22,0.193,2024-05-13
U82931,328,14478.3,4.23,0.348,2025-02-25
U74191,466,16533.89,4.11,0.045,2024-05-11
U57778,135,5280.74,4.2,0.016,2025-01-21
U75421,29,960.92,4.84,0.196,2024-05-04
U58851,59,2727.24,4.83,0.192,2024-03-12
U10785,58,2193.38,4.85,0.039,2024-04-29
U12892,450,18876.02,4.14,0.037,2024-03-25
U37377,204,5621.29,4.58,0.366,2024-12-24
U12196,245,5956.8,4.71,0.059,2024-12-24
U76316,184,9180.54,4.97,0.1,2025-03-01
U92035,53,1436.01,4.81,0.212,2024-09-21
U83112,434,7052.77,4.6,0.115,2024-11-28
U68380,259,7411.04,4.87,0.174,2025-02-13
U59364,362,6747.93,4.06,0.046,2024-12-08
U20227,98,4085.28,4.13,0.03,2024-05-25
U60901,496,16871.95,4.07,0.049,2024-09-01
U51379,117,2147.22,4.99,0.045,2024-08-09
U16120,92,1611.09,4.74,0.133,2025-01-18
U56238,384,8926.48,4.89,0.181,2024-04-18
U36418,81,2824.58,4.13,0.034,2024-03-06
U54247,170,4958.84,4.79,0.117,2025-01-21
U15160,190,6356.85,4.27,0.054,2024-10-06
U25219,210,5071.71,4.06,0.057,2024-11-24
U58773,362,11609.79,4.8,0.088,2024-09-15
U42471,465,17385.2,2.86,0.111,2024-05-31
U50146,256,3264.75,4.53,0.113,2024-04-17
U53504,190,6481.74,4.34,0.138,2024-12-27
U16577,251,5821.08,4.4,0.005,2024-03-09
U67819,384,5928.65,4.76,0.186,2025-02-03
U48417,342,3031.28,4.54,0.126,2025-02-11
U31085,478,22345.58,4.8,0.192,2024-08-23
U41962,408,15753.46,4.46,0.131,2024-06-24
U43117,0,0.0,4.94,0.07,2024-10-03
U67340,112,4732.56,4.95,0.01,2025-01-05
U46442,328,14307.94,4.17,0.191,2024-05-17
U57737,39,1432.61,4.71,0.119,2024-11-19
U38717,404,14626.53,4.2,0.176,2024-09-27
U74987,93,2222.71,4.3,0.128,2024-06-11
U46929,484,3759.6,4.65,0.1,2024-07-21
U37233,401,17453.36,5.0,0.135,2024-07-03
U66104,350,9604.62,4.34,0.01,2024-04-02
U50264,109,3435.61,4.1,0.366,2024-03-20
U49649,375,13028.79,2.74,0.04,2025-03-01
U59517,300,7748.87,2.53,0.091,2024-08-23
U28308,449,20755.91,4.05,0.19,2024-11-20
U63749,406,18961.35,4.49,0.111,2024-07-03
U21759,211,10420.61,4.46,0.076,2024-12-17
U26997,422,12714.33,4.07,0.195,2024-10-30
U46183,156,6148.88,4.64,0.027,2024-05-15
U42199,14,464.2,4.83,0.061,2024-07-09
U74609,215,10126.06,4.04,0.096,2025-02-27
U43681,92,3715.46,4.09,0.17,2024-11-18
U38124,25,775.68,2.87,0.152,2024-08-01
U28838,113,2538.94,4.65,0.178,2025-02-20
U79759,205,3861.39,4.34,0.107,2024-04-14
U13767,367,5514.53,4.51,0.193,2024-07-25
U63496,427,9966.64,4.15,0.148,2024-12-26
U89633,44,1787.44,4.93,0.088,2024-08-17
U89090,49,1411.24,3.24,0.339,2024-08-11
U77145,414,16587.43,4.07,0.001,2024-09-05
U58620,312,8854.44,4.24,0.164,2024-04-16
U72150,80,1830.81,4.3,0.0,2024-08-20
U87704,348,15041.4,4.86,0.131,2024-12-07
U98041,68,1226.55,4.05,0.066,2024-11-19
U47622,499,20147.77,2.75,0.108,2025-01-02
U31080,32,1056.39,4.32,0.086,2024-06-18
U75011,225,8807.16,4.85,0.124,2024-12-19
U25115,189,6616.2,4.14,0.138,2025-02-20
U82501,113,1993.24,4.06,0.141,2024-08-20
U76271,198,6061.62,4.77,0.113,2024-12-31
U93981,2,95.66,3.65,0.028,2025-01-22
U96611,29,924.31,3.45,0.131,2024-11-10
U89970,395,5399.03,4.66,0.116,2025-03-01
U45628,8,156.52,4.59,0.113,2024-12-10
U20990,151,1405.94,2.86,0.058,2024-06-17
U81403,387,8474.52,4.13,0.182,2024-04-26
U54707,197,5209.92,4.25,0.493,2025-02-24
U84414,249,4687.31,4.68,0.015,2024-09-23
U93165,192,4447.84,4.51,0.108,2024-09-07
U94325,263,4363.06,4.35,0.011,2024-09-13
U48680,302,9782.94,4.57,0.051,2024-03-31
U79967,471,18088.74,4.85,0.107,2024-06-17
U37021,291,11496.8,4.8,0.158,2025-02-05
U76068,473,18387.81,4.05,0.148,2024-10-12
U19420,48,769.68,3.82,0.082,2024-07-04
U39601,197,9620.69,4.37,0.138,2024-03-25
U49778,80,3962.45,4.15,0.084,2024-10-04
U50480,391,9600.66,4.72,0.063,2024-06-13
U95394,78,1153.01,3.45,0.034,2025-02-22
U65460,205,7729.43,4.13,0.073,2024-08-11
U18545,206,7207.09,4.04,0.163,2024-04-22
U52502,33,1386.63,4.47,0.159,2024-11-06
U77734,171,5369.47,4.92,0.133,2024-11-15
U43919,409,4296.8,4.33,0.045,2025-02-15
U57751,251,12442.62,4.43,0.086,2024-09-23
U68632,58,1135.2,4.04,0.057,2025-02-07
U83422,132,1863.92,4.23,0.498,2024-03-25
U27122,295,14646.63,4.31,0.05,2024-08-17
U70530,197,3396.83,4.54,0.102,2024-07-29
U50303,439,16656.67,4.14,0.38,2024-10-27
U85494,110,2818.97,4.88,0.027,2024-10-21
U81786,391,13070.08,4.89,0.193,2024-04-10
U87242,476,22820.79,4.78,0.152,2024-05-05
U72946,270,10895.85,4.38,0.069,2024-04-10
U40936,149,1353.08,4.78,0.052,2024-05-31
U83874,63,2399.42,4.31,0.087,2024-07-13
U46669,84,651.43,4.25,0.124,2025-02-28
U12533,275,3028.19,4.14,0.159,2024-07-17
U37870,151,3178.69,4.3,0.195,2024-10-26
U41066,22,298.3,4.59,0.088,2024-10-01
U49759,413,9907.89,4.4,0.184,2024-06-28
U59630,27,339.9,2.89,0.104,2025-03-02
U85258,151,2737.57,4.39,0.17,2024-11-11
U57983,421,6582.71,4.62,0.033,2024-09-07
U33993,410,13458.01,4.88,0.298,2024-11-21
U25228,77,1838.01,4.36,0.184,2024-05-26
U81851,44,957.41,4.93,0.139,2024-04-10
U88562,49,570.66,4.77,0.12,2024-04-05
U63409,35,332.72,4.8,0.091,2024-06-27
U14754,450,17015.38,4.78,0.04,2025-01-08
U60160,337,5750.32,4.93,0.305,2024-09-15
U91888,491,5902.31,4.52,0.13,2024-06-13
U95918,83,3834.09,4.58,0.403,2024-06-30
U10026,435,13715.39,4.87,0.123,2025-02-22
U48342,42,296.38,4.96,0.136,2024-11-19
U99540,286,11977.88,3.29,0.105,2024-06-10
U51044,96,2227.58,3.44,0.132,2024-06-25
U38255,462,8776.21,3.41,0.143,2025-02-04
U27457,24,822.35,4.36,0.175,2024-09-27
U36861,400,7579.63,3.5,0.195,2024-11-30
U24021,274,9076.09,2.99,0.038,2025-01-14
U34223,349,7615.04,4.48,0.055,2024-12-19
U52242,132,2849.27,4.6,0.133,2024-08-08
U81637,482,5152.42,4.39,0.15,2024-10-17
U91636,322,12676.52,4.06,0.194,2024-08-12
U40652,498,24199.96,2.86,0.004,2025-02-19
U84285,399,11142.9,4.19,0.191,2024-12-26
U45842,81,2649.89,4.69,0.042,2024-08-30
U18671,133,1867.56,3.28,0.074,2025-01-20
U62989,263,9139.77,5.0,0.41,2024-04-11
U31611,383,8031.01,4.11,0.123,2024-06-13
U38133,254,7243.33,4.72,0.023,2024-09-25
U69083,55,1751.64,4.94,0.096,2025-01-16
U71050,99,2566.82,4.64,0.173,2024-12-22
U14188,395,5804.75,4.04,0.016,2024-09-20
U93922,447,12031.88,4.97,0.156,2024-06-15
U46907,304,9011.99,4.18,0.008,2024-11-06
U36728,338,11192.04,4.05,0.176,2024-05-21
U80469,353,13705.87,4.71,0.004,2024-11-21
U82296,219,9033.03,4.88,0.13,2024-10-11
U65958,480,11858.08,4.47,0.108,2024-09-17
U89847,454,16002.3,4.12,0.053,2024-03-15
U11654,345,10202.0,4.35,0.001,2025-02-22
U18625,242,4489.92,4.02,0.171,2025-01-05
U55457,36,1413.47,4.38,0.139,2024-05-09
U26591,186,3745.48,4.11,0.013,2024-05-16
U78564,406,19334.83,4.53,0.186,2024-05-11
U95260,402,8585.84,4.33,0.061,2024-04-13
U83866,61,3002.09,4.88,0.113,2024-09-24
U82084,277,10617.3,4.5,0.055,2024-04-09
U42014,460,13079.02,3.34,0.1,2024-10-23
U19780,455,9734.66,4.1,0.192,2025-02-25
U50159,140,5427.87,4.32,0.176,2024-10-28
U31237,72,2453.51,4.57,0.012,2024-12-19
U87167,141,3356.37,4.43,0.063,2024-10-16
U61800,231,6269.54,2.8,0.155,2024-12-13
U75271,81,1937.73,4.99,0.176,2024-05-14
U23905,224,2993.38,4.47,0.051,2024-10-17
U20228,431,14715.48,4.71,0.088,2024-06-29
U16070,40,1216.8,4.31,0.005,2024-04-28
U64369,464,10029.1,4.37,0.189,2024-05-03
U48774,375,14329.57,4.97,0.002,2024-11-21
U20675,296,9650.21,4.85,0.132,2024-05-09
U78765,48,1142.69,4.82,0.468,2024-06-09
U13372,348,4529.14,4.42,0.044,2024-10-06
U40661,173,2666.34,4.14,0.164,2024-12-25
U81891,362,15930.12,4.87,0.04,2024-05-23
U21262,67,733.61,4.62,0.024,2024-11-17
U91941,155,3006.68,2.57,0.168,2025-02-15
U21203,413,2892.01,4.8,0.1,2024-12-07
U40601,75,1660.0,4.65,0.154,2024-08-05
U81267,259,9907.54,4.09,0.005,2025-01-30
U14257,100,4400.75,3.17,0.108,2024-12-18
U46049,373,16990.4,4.85,0.111,2024-06-28
U17685,87,3076.08,4.65,0.013,2024-03-13
U87508,449,13316.19,4.28,0.049,2024-04-09
U15745,346,4043.21,3.14,0.156,2024-03-31
U44232,352,13505.46,3.21,0.144,2025-02-05
U34185,155,6224.83,4.67,0.083,2024-10-30
U32401,495,8138.12,4.17,0.241,2025-01-19
U79012,0,0.0,4.93,0.191,2024-11-18
U26698,444,19099.5,2.58,0.088,2024-04-21
U18777,416,3503.02,4.27,0.077,2024-07-04
U49959,373,10036.08,4.07,0.164,2024-09-02
U75138,67,2398.18,4.06,0.163,2025-02-26
U25603,452,8554.28,4.87,0.05,2024-11-08
U17082,74,2237.18,4.61,0.101,2024-04-09
U23162,211,10102.03,3.37,0.006,2024-06-06
U44147,394,5144.99,4.38,0.099,2024-10-11
U35554,474,19874.35,4.77,0.182,2024-04-17
U85389,122,2427.96,3.17,0.149,2024-04-15
U58135,391,12602.44,4.55,0.09,2024-11-30
U69436,422,12134.48,4.73,0.104,2025-01-28
U24847,234,4181.85,4.3,0.022,2024-11-23
U48904,497,6579.23,4.77,0.078,2024-10-03
U28635,82,694.02,4.7,0.178,2024-04-20
U29186,313,5359.97,4.62,0.096,2024-09-10
U32309,4,107.68,4.45,0.133,2025-01-15
U72268,76,3515.35,3.56,0.373,2024-07-29
U97220,220,4528.38,4.43,0.055,2025-02-03
U87094,333,5679.91,4.66,0.18,2024-06-03
U47530,15,178.03,4.87,0.007,2024-03-31
U50968,315,5523.49,4.18,0.017,2025-01-13
U31291,78,819.05,4.69,0.016,2024-05-08
U84225,479,23674.17,3.26,0.168,2024-06-09
U78937,384,3254.7,3.15,0.197,2024-12-23
U75329,48,1404.16,4.26,0.139,2024-03-12
U92331,153,3017.09,4.43,0.138,2025-01-15
U86527,464,3848.46,4.56,0.029,2024-04-25
U61651,436,7534.44,4.9,0.024,2024-07-23
U21797,458,5045.63,4.79,0.154,2024-04-18
U74472,346,4438.13,4.15,0.023,2024-05-20
U85062,121,910.47,4.76,0.144,2024-06-17
U76503,312,12956.82,4.19,0.314,2024-12-18
U63795,161,4027.63,2.62,0.12,2024-04-16
U25839,384,8875.03,4.28,0.459,2024-06-13
U62264,385,9760.74,4.88,0.097,2024-06-22
U65860,490,6041.25,4.21,0.009,2024-08-16
U24602,373,14533.12,4.77,0.146,2024-11-15
U50407,46,733.63,4.93,0.052,2024-06-08
U34543,298,10057.32,4.63,0.042,2024-05-28
U94677,183,3648.35,4.75,0.484,2024-10-06
U34455,309,13627.89,4.79,0.065,2025-01-06
U90722,86,2980.07,4.97,0.166,2024-05-28
U89697,478,4487.63,4.06,0.417,2024-06-25
U95619,367,18173.69,4.41,0.058,2025-02-22
U38638,387,11146.3,4.4,0.114,2024-07-03
U49968,122,5178.76,2.93,0.055,2024-11-11
U30055,305,5147.31,4.49,0.091,2024-04-10
U18195,26,382.88,4.87,0.052,2024-10-30
U87927,193,8811.56,4.84,0.197,2024-08-22
U67293,119,3796.57,4.94,0.284,2024-12-13
U32915,121,1208.01,4.41,0.184,2025-01-21
U31628,210,9352.13,4.96,0.233,2025-03-04
U28945,421,11282.47,4.21,0.169,2025-02-15
U45526,179,5883.64,4.89,0.145,2024-06-16
U73057,333,5145.05,4.51,0.088,2024-06-08
U87621,182,8311.78,4.58,0.18,2024-04-11
U34234,414,5793.22,4.74,0.162,2024-03-12
U32140,488,16539.88,4.21,0.256,2025-02-01
U67608,331,10745.45,4.83,0.044,2024-08-22
U53415,88,3291.95,4.25,0.131,2025-02-15
U31288,496,17440.44,4.26,0.062,2024-04-16
U73636,120,2159.75,4.64,0.152,2024-07-26
U62743,39,1361.44,4.9,0.03,2025-03-03
U83383,476,17832.99,3.99,0.018,2024-08-28
U66948,401,3304.3,4.19,0.198,2025-01-28
U36542,385,10454.66,4.48,0.149,2024-03-17
U84879,153,7649.3,4.22,0.067,2024-11-30
U81080,18,702.67,4.14,0.12,2024-06-08
U93946,388,10682.68,4.46,0.12,2024-12-18
U79784,136,4760.75,3.12,0.123,2024-05-10
U73126,217,9827.06,4.93,0.135,2025-02-05
U31223,361,2648.79,4.81,0.058,2024-04-06
U50246,480,17570.87,4.66,0.054,2024-06-16
U69160,27,236.2,4.24,0.037,2024-12-10
U76416,173,7570.71,4.7,0.156,2024-07-23
U98524,484,21510.83,4.8,0.18,2024-10-29
U17027,430,5616.84,4.22,0.03,2024-12-10
U97663,320,9885.56,4.21,0.13,2025-02-03
U93974,92,4016.55,4.84,0.359,2024-07-27
U31499,396,3634.57,4.47,0.182,2024-06-28
U76809,496,4882.85,4.0,0.107,2024-08-27
U52143,135,2193.95,4.86,0.03,2024-12-26
U77885,5,62.84,3.26,0.015,2024-05-31
U36231,306,7935.95,4.98,0.021,2024-04-20
U51488,4,119.45,3.82,0.029,2024-05-13
U64126,64,2742.6,4.36,0.027,2025-02-05
U41247,384,18882.0,4.38,0.175,2024-10-22
U70964,413,14519.0,4.16,0.183,2025-03-01
U99133,493,13672.88,2.54,0.011,2024-09-22
U27204,210,5716.86,4.69,0.006,2024-03-15
U74514,107,2427.01,4.39,0.08,2024-06-19
U40104,375,8860.42,4.92,0.123,2024-03-12
U24424,405,8136.64,4.36,0.019,2025-03-04
U18892,426,18811.18,4.88,0.219,2024-10-29
U22012,106,1719.45,4.64,0.118,2024-06-27
U40520,447,17055.14,4.31,0.073,2024-04-28
U93673,54,1117.14,4.24,0.115,2025-02-18
U90569,26,1014.83,4.45,0.05,2024-08-09
U75981,259,2357.29,4.99,0.083,2024-03-19
U14966,286,13041.4,4.13,0.189,2024-08-31
U87861,104,1324.92,4.19,0.481,2025-01-08
U92539,97,4637.52,4.98,0.135,2025-01-20
U88732,278,10264.02,4.9,0.084,2024-08-21
U21313,182,3128.77,4.26,0.144,2024-04-04
U48947,430,10921.86,4.85,0.143,2024-09-15
U70173,121,3225.72,4.4,0.339,2024-06-22
U12817,277,6556.41,4.51,0.052,2024-05-14
U56619,483,15247.86,4.87,0.126,2024-06-18
U69572,133,1542.83,4.19,0.105,2024-07-07
U37261,260,9265.13,4.82,0.051,2025-02-26
